--------------------------------------------------------
--  파일이 생성됨 - 화요일-6월-07-2022   
--------------------------------------------------------
--------------------------------------------------------
--  DDL for Sequence DEPT_DEPTNO
--------------------------------------------------------

   CREATE SEQUENCE  "SCOTT"."DEPT_DEPTNO"  MINVALUE 1 MAXVALUE 99 INCREMENT BY 1 START WITH 92 NOCACHE  NOORDER  NOCYCLE ;
--------------------------------------------------------
--  DDL for Table D_RESERVATION
--------------------------------------------------------

  CREATE TABLE "SCOTT"."D_RESERVATION" 
   (	"RESERVENUMBER" VARCHAR2(30 BYTE), 
	"ID" VARCHAR2(20 BYTE), 
	"TOURNAME" VARCHAR2(50 BYTE)
   ) SEGMENT CREATION IMMEDIATE 
  PCTFREE 10 PCTUSED 40 INITRANS 1 MAXTRANS 255 NOCOMPRESS LOGGING
  STORAGE(INITIAL 65536 NEXT 1048576 MINEXTENTS 1 MAXEXTENTS 2147483645
  PCTINCREASE 0 FREELISTS 1 FREELIST GROUPS 1 BUFFER_POOL DEFAULT FLASH_CACHE DEFAULT CELL_FLASH_CACHE DEFAULT)
  TABLESPACE "SYSTEM" ;
--------------------------------------------------------
--  DDL for Table D_TOUR
--------------------------------------------------------

  CREATE TABLE "SCOTT"."D_TOUR" 
   (	"TOURNAME" VARCHAR2(50 BYTE), 
	"DEPARTURE" VARCHAR2(20 BYTE), 
	"ARRIVAL" VARCHAR2(20 BYTE), 
	"DEPTDATE" DATE, 
	"ARRIVDATE" DATE
   ) SEGMENT CREATION IMMEDIATE 
  PCTFREE 10 PCTUSED 40 INITRANS 1 MAXTRANS 255 NOCOMPRESS LOGGING
  STORAGE(INITIAL 65536 NEXT 1048576 MINEXTENTS 1 MAXEXTENTS 2147483645
  PCTINCREASE 0 FREELISTS 1 FREELIST GROUPS 1 BUFFER_POOL DEFAULT FLASH_CACHE DEFAULT CELL_FLASH_CACHE DEFAULT)
  TABLESPACE "SYSTEM" ;
--------------------------------------------------------
--  DDL for Table MEMBER
--------------------------------------------------------

  CREATE TABLE "SCOTT"."MEMBER" 
   (	"ID" VARCHAR2(20 BYTE), 
	"PASSWORD" VARCHAR2(20 BYTE), 
	"NAME" VARCHAR2(20 BYTE), 
	"ADDRESS" VARCHAR2(20 BYTE), 
	"PHONE" VARCHAR2(20 BYTE)
   ) SEGMENT CREATION IMMEDIATE 
  PCTFREE 10 PCTUSED 40 INITRANS 1 MAXTRANS 255 NOCOMPRESS LOGGING
  STORAGE(INITIAL 65536 NEXT 1048576 MINEXTENTS 1 MAXEXTENTS 2147483645
  PCTINCREASE 0 FREELISTS 1 FREELIST GROUPS 1 BUFFER_POOL DEFAULT FLASH_CACHE DEFAULT CELL_FLASH_CACHE DEFAULT)
  TABLESPACE "SYSTEM" ;
--------------------------------------------------------
--  DDL for View EMP_110
--------------------------------------------------------

  CREATE OR REPLACE FORCE VIEW "SCOTT"."EMP_110" ("EMPLOYEE_NO", "EMPLOYEE_NAME", "JOB_TITLE") AS 
  select empno,ename,job
from emp
where deptno = 10
;
--------------------------------------------------------
--  DDL for View EMP_20
--------------------------------------------------------

  CREATE OR REPLACE FORCE VIEW "SCOTT"."EMP_20" ("EMPNO", "ENAME", "JOB", "MGR", "HIREDATE", "SAL", "COMM", "DEPTNO") AS 
  select "EMPNO","ENAME","JOB","MGR","HIREDATE","SAL","COMM","DEPTNO"
from emp
where deptno = 20
with check option  CONSTRAINT "EMP_20_CK"
;
--------------------------------------------------------
--  DDL for View EMP_30
--------------------------------------------------------

  CREATE OR REPLACE FORCE VIEW "SCOTT"."EMP_30" ("EMP_NO", "NAME", "SALARY") AS 
  select empno emp_no, ename name,sal salary
from emp
where deptno = 30
;
REM INSERTING into SCOTT.D_RESERVATION
SET DEFINE OFF;
Insert into SCOTT.D_RESERVATION (RESERVENUMBER,ID,TOURNAME) values ('2022060710273810001','hong','바다여행');
Insert into SCOTT.D_RESERVATION (RESERVENUMBER,ID,TOURNAME) values ('2022060710262810001','kim','바다여행');
Insert into SCOTT.D_RESERVATION (RESERVENUMBER,ID,TOURNAME) values ('2022060710264610002','kim','제주도올레길');
Insert into SCOTT.D_RESERVATION (RESERVENUMBER,ID,TOURNAME) values ('2022060712181010001','kim','여수아쿠아리움');
Insert into SCOTT.D_RESERVATION (RESERVENUMBER,ID,TOURNAME) values ('2022060713303010001','kim','강원도투어');
REM INSERTING into SCOTT.D_TOUR
SET DEFINE OFF;
Insert into SCOTT.D_TOUR (TOURNAME,DEPARTURE,ARRIVAL,DEPTDATE,ARRIVDATE) values ('바다여행','대전역','부산역',to_date('22/07/05','RR/MM/DD'),to_date('22/07/10','RR/MM/DD'));
Insert into SCOTT.D_TOUR (TOURNAME,DEPARTURE,ARRIVAL,DEPTDATE,ARRIVDATE) values ('제주도올레길','청주공항','제주공항',to_date('22/07/01','RR/MM/DD'),to_date('22/07/08','RR/MM/DD'));
Insert into SCOTT.D_TOUR (TOURNAME,DEPARTURE,ARRIVAL,DEPTDATE,ARRIVDATE) values ('강원도투어','청량리역','강릉역',to_date('22/07/15','RR/MM/DD'),to_date('22/07/18','RR/MM/DD'));
Insert into SCOTT.D_TOUR (TOURNAME,DEPARTURE,ARRIVAL,DEPTDATE,ARRIVDATE) values ('여수아쿠아리움','서대전역','여수역',to_date('22/07/18','RR/MM/DD'),to_date('22/07/18','RR/MM/DD'));
REM INSERTING into SCOTT.MEMBER
SET DEFINE OFF;
Insert into SCOTT.MEMBER (ID,PASSWORD,NAME,ADDRESS,PHONE) values ('hong','1234','홍길동','신주소','123-1234');
Insert into SCOTT.MEMBER (ID,PASSWORD,NAME,ADDRESS,PHONE) values ('kim','1234','김길동','대전시','567-1235');
--------------------------------------------------------
--  DDL for Index R_NUMBER
--------------------------------------------------------

  CREATE UNIQUE INDEX "SCOTT"."R_NUMBER" ON "SCOTT"."D_RESERVATION" ("RESERVENUMBER") 
  PCTFREE 10 INITRANS 2 MAXTRANS 255 COMPUTE STATISTICS 
  STORAGE(INITIAL 65536 NEXT 1048576 MINEXTENTS 1 MAXEXTENTS 2147483645
  PCTINCREASE 0 FREELISTS 1 FREELIST GROUPS 1 BUFFER_POOL DEFAULT FLASH_CACHE DEFAULT CELL_FLASH_CACHE DEFAULT)
  TABLESPACE "SYSTEM" ;
--------------------------------------------------------
--  DDL for Index D_TOURNAME
--------------------------------------------------------

  CREATE UNIQUE INDEX "SCOTT"."D_TOURNAME" ON "SCOTT"."D_TOUR" ("TOURNAME") 
  PCTFREE 10 INITRANS 2 MAXTRANS 255 COMPUTE STATISTICS 
  STORAGE(INITIAL 65536 NEXT 1048576 MINEXTENTS 1 MAXEXTENTS 2147483645
  PCTINCREASE 0 FREELISTS 1 FREELIST GROUPS 1 BUFFER_POOL DEFAULT FLASH_CACHE DEFAULT CELL_FLASH_CACHE DEFAULT)
  TABLESPACE "SYSTEM" ;
--------------------------------------------------------
--  DDL for Index U_ID
--------------------------------------------------------

  CREATE UNIQUE INDEX "SCOTT"."U_ID" ON "SCOTT"."MEMBER" ("ID") 
  PCTFREE 10 INITRANS 2 MAXTRANS 255 COMPUTE STATISTICS 
  STORAGE(INITIAL 65536 NEXT 1048576 MINEXTENTS 1 MAXEXTENTS 2147483645
  PCTINCREASE 0 FREELISTS 1 FREELIST GROUPS 1 BUFFER_POOL DEFAULT FLASH_CACHE DEFAULT CELL_FLASH_CACHE DEFAULT)
  TABLESPACE "SYSTEM" ;
--------------------------------------------------------
--  Constraints for Table D_RESERVATION
--------------------------------------------------------

  ALTER TABLE "SCOTT"."D_RESERVATION" ADD CONSTRAINT "RES_NUMBER_PK" PRIMARY KEY ("RESERVENUMBER")
  USING INDEX PCTFREE 10 INITRANS 2 MAXTRANS 255 COMPUTE STATISTICS 
  STORAGE(INITIAL 65536 NEXT 1048576 MINEXTENTS 1 MAXEXTENTS 2147483645
  PCTINCREASE 0 FREELISTS 1 FREELIST GROUPS 1 BUFFER_POOL DEFAULT FLASH_CACHE DEFAULT CELL_FLASH_CACHE DEFAULT)
  TABLESPACE "SYSTEM"  ENABLE;
--------------------------------------------------------
--  Constraints for Table D_TOUR
--------------------------------------------------------

  ALTER TABLE "SCOTT"."D_TOUR" ADD CONSTRAINT "RES_TOURNAME_PK" PRIMARY KEY ("TOURNAME")
  USING INDEX PCTFREE 10 INITRANS 2 MAXTRANS 255 COMPUTE STATISTICS 
  STORAGE(INITIAL 65536 NEXT 1048576 MINEXTENTS 1 MAXEXTENTS 2147483645
  PCTINCREASE 0 FREELISTS 1 FREELIST GROUPS 1 BUFFER_POOL DEFAULT FLASH_CACHE DEFAULT CELL_FLASH_CACHE DEFAULT)
  TABLESPACE "SYSTEM"  ENABLE;
--------------------------------------------------------
--  Constraints for Table MEMBER
--------------------------------------------------------

  ALTER TABLE "SCOTT"."MEMBER" ADD CONSTRAINT "ID" PRIMARY KEY ("ID")
  USING INDEX PCTFREE 10 INITRANS 2 MAXTRANS 255 COMPUTE STATISTICS 
  STORAGE(INITIAL 65536 NEXT 1048576 MINEXTENTS 1 MAXEXTENTS 2147483645
  PCTINCREASE 0 FREELISTS 1 FREELIST GROUPS 1 BUFFER_POOL DEFAULT FLASH_CACHE DEFAULT CELL_FLASH_CACHE DEFAULT)
  TABLESPACE "SYSTEM"  ENABLE;
--------------------------------------------------------
--  Ref Constraints for Table D_RESERVATION
--------------------------------------------------------

  ALTER TABLE "SCOTT"."D_RESERVATION" ADD CONSTRAINT "FK_MEMBER_D_RESERVE" FOREIGN KEY ("ID")
	  REFERENCES "SCOTT"."MEMBER" ("ID") ENABLE;
  ALTER TABLE "SCOTT"."D_RESERVATION" ADD CONSTRAINT "FK_TOUR_RESERVE" FOREIGN KEY ("TOURNAME")
	  REFERENCES "SCOTT"."D_TOUR" ("TOURNAME") ENABLE;
